Repeats	total
A/T	8855
C/G	86
AA/TT	3476
AC/GT	294
AG/CT	910
AT/AT	1244
CC/GG	62
CG/CG	1
AAA/TTT	1418
AAC/GTT	178
AAG/CTT	672
AAT/ATT	110
ACC/GGT	44
ACG/CGT	16
ACT/AGT	30
AGC/CTG	33
AGG/CCT	97
ATC/ATG	220
CCC/GGG	27
CCG/CGG	4
AAAA/TTTT	1078
AAAC/GTTT	37
AAAG/CTTT	55
AAAT/ATTT	68
AACC/GGTT	2
AACG/CGTT	1
AACT/AGTT	6
AAGG/CCTT	2
AAGT/ACTT	1
AATC/ATTG	7
AATG/ATTC	4
AATT/AATT	12
ACAC/GTGT	93
ACAG/CTGT	2
ACAT/ATGT	15
ACTC/AGTG	4
ACTG/AGTC	1
AGAG/CTCT	324
AGAT/ATCT	4
AGCG/CGCT	2
AGCT/AGCT	1
ATAT/ATAT	753
CCCC/GGGG	18
AAAAA/TTTTT	1419
AAAAC/GTTTT	129
AAAAG/CTTTT	117
AAAAT/ATTTT	316
AAACC/GGTTT	41
AAACG/CGTTT	2
AAACT/AGTTT	6
AAAGC/CTTTG	5
AAAGG/CCTTT	2
AAAGT/ACTTT	5
AAATC/ATTTG	24
AAATG/ATTTC	6
AAATT/AATTT	76
AACAC/GTGTT	17
AACAG/CTGTT	9
AACAT/ATGTT	6
AACCG/CGGTT	22
AACCT/AGGTT	2
AACGC/CGTTG	1
AACGT/ACGTT	1
AACTC/AGTTG	39
AACTG/AGTTC	1
AACTT/AAGTT	3
AAGAC/CTTGT	4
AAGAG/CTCTT	55
AAGAT/ATCTT	4
AAGCC/CTTGG	1
AAGCT/AGCTT	2
AAGGG/CCCTT	2
AAGTC/ACTTG	1
AATAC/ATTGT	2
AATAG/ATTCT	2
AATAT/ATATT	16
AATCC/ATTGG	3
AATCG/ATTCG	4
AATCT/AGATT	2
AATGC/ATTGC	7
AATGG/ATTCC	1
AATGT/ACATT	4
AATTC/AATTG	10
ACACC/GGTGT	3
ACACG/CGTGT	1
ACACT/AGTGT	2
ACAGC/CTGTG	1
ACATC/ATGTG	3
ACATG/ATGTC	10
ACCAG/CTGGT	2
ACCCG/CGGGT	12
ACCGG/CCGGT	1
ACGCG/CGCGT	1
ACTCC/AGTGG	1
ACTCT/AGAGT	3
ACTGC/AGTGC	1
AGAGG/CCTCT	2
AGATC/ATCTG	3
AGATG/ATCTC	2
AGCAT/ATGCT	1
AGCCC/CTGGG	2
AGCGG/CCGCT	1
AGCTC/AGCTG	2
AGGGG/CCCCT	1
ATATC/ATATG	2
ATCCC/ATGGG	2
ATCCG/ATCGG	1
ATCGC/ATGCG	2
CCCCC/GGGGG	27
AAAAAA/TTTTTT	584
AAAAAC/GTTTTT	30
AAAAAG/CTTTTT	23
AAAAAT/ATTTTT	38
AAAACC/GGTTTT	3
AAAACT/AGTTTT	1
AAAAGC/CTTTTG	1
AAAAGG/CCTTTT	4
AAAAGT/ACTTTT	2
AAAATC/ATTTTG	10
AAAATG/ATTTTC	1
AAAATT/AATTTT	9
AAACAC/GTGTTT	8
AAACAG/CTGTTT	3
AAACCC/GGGTTT	2
AAACCG/CGGTTT	2
AAACCT/AGGTTT	4
AAACGC/CGTTTG	1
AAACGG/CCGTTT	1
AAACTC/AGTTTG	1
AAACTG/AGTTTC	3
AAACTT/AAGTTT	1
AAAGAC/CTTTGT	2
AAAGAG/CTCTTT	13
AAAGAT/ATCTTT	3
AAAGCC/CTTTGG	2
AAAGCT/AGCTTT	1
AAAGGC/CCTTTG	2
AAAGGG/CCCTTT	2
AAAGTC/ACTTTG	2
AAAGTG/ACTTTC	1
AAATAC/ATTTGT	2
AAATAG/ATTTCT	3
AAATAT/ATATTT	3
AAATCC/ATTTGG	4
AAATGC/ATTTGC	2
AAATGG/ATTTCC	1
AAATTC/AATTTG	1
AAATTG/AATTTC	3
AAATTT/AAATTT	1
AACAAC/GTTGTT	79
AACAAG/CTTGTT	4
AACAAT/ATTGTT	1
AACACT/AGTGTT	1
AACAGC/CTGTTG	3
AACAGT/ACTGTT	1
AACATC/ATGTTG	1
AACATG/ATGTTC	4
AACCAC/GGTTGT	2
AACCAG/CTGGTT	1
AACCCG/CGGGTT	3
AACCTG/AGGTTC	1
AACCTT/AAGGTT	2
AACGAC/CGTTGT	1
AACGTC/ACGTTG	1
AACGTG/ACGTTC	1
AACTCC/AGTTGG	1
AACTTC/AAGTTG	3
AACTTG/AAGTTC	1
AAGAAG/CTTCTT	295
AAGAAT/ATTCTT	1
AAGACG/CGTCTT	3
AAGAGC/CTCTTG	2
AAGAGG/CCTCTT	5
AAGATC/ATCTTG	2
AAGATG/ATCTTC	4
AAGCAG/CTGCTT	2
AAGCCC/CTTGGG	1
AAGCGT/ACGCTT	1
AAGCTG/AGCTTC	2
AAGGAG/CCTTCT	4
AAGGTG/ACCTTC	1
AAGTGG/ACTTCC	3
AATAAT/ATTATT	37
AATACC/ATTGGT	1
AATCAG/ATTCTG	5
AATCAT/ATGATT	1
AATCCC/ATTGGG	1
AATCCG/ATTCGG	1
AATCCT/AGGATT	2
AATCTC/AGATTG	1
AATCTG/AGATTC	4
AATGAG/ATTCTC	8
AATGCG/ATTCGC	1
AATGGC/ATTGCC	1
AATGGT/ACCATT	1
AATGTG/ACATTC	2
ACACAC/GTGTGT	56
ACACAG/CTGTGT	2
ACACAT/ATGTGT	2
ACACCG/CGGTGT	1
ACACTC/AGTGTG	1
ACAGAG/CTCTGT	1
ACAGAT/ATCTGT	1
ACAGCG/CGCTGT	1
ACAGTG/ACTGTC	1
ACATAG/ATGTCT	1
ACATAT/ATATGT	2
ACATGC/ATGTGC	1
ACCACC/GGTGGT	16
ACCACG/CGTGGT	7
ACCACT/AGTGGT	2
ACCATC/ATGGTG	7
ACCCCC/GGGGGT	1
ACCCGC/CGGGTG	1
ACCCTC/AGGGTG	1
ACCGAG/CGGTCT	1
ACCGCC/CGGTGG	3
ACCGTC/ACGGTG	2
ACCTCC/AGGTGG	6
ACCTCG/AGGTCG	1
ACCTCT/AGAGGT	1
ACGACG/CGTCGT	5
ACGAGG/CCTCGT	2
ACGAGT/ACTCGT	1
ACGATG/ATCGTC	1
ACGCAT/ATGCGT	1
ACGGAG/CCGTCT	1
ACGGAT/ATCCGT	1
ACGGCC/CCGTGG	1
ACGGCG/CCGTCG	1
ACGTCC/ACGTGG	3
ACTACT/AGTAGT	11
ACTATC/AGTGAT	1
ACTCGG/AGTCCG	1
ACTCTC/AGAGTG	2
ACTCTG/AGAGTC	1
ACTGAG/AGTCTC	1
AGAGAG/CTCTCT	200
AGAGCG/CGCTCT	1
AGAGGG/CCCTCT	3
AGATAT/ATATCT	1
AGATCG/ATCTCG	1
AGATGG/ATCTCC	3
AGCAGC/CTGCTG	7
AGCAGG/CCTGCT	2
AGCATG/ATGCTC	3
AGCCCC/CTGGGG	1
AGCCGC/CGGCTG	2
AGCCGG/CCGGCT	1
AGCCTC/AGGCTG	2
AGCCTG/AGGCTC	2
AGCGGG/CCCGCT	1
AGCTAT/AGCTAT	1
AGCTGC/AGCTGC	1
AGGAGG/CCTCCT	41
AGGATG/ATCCTC	1
AGGCAT/ATGCCT	1
AGGGGG/CCCCCT	1
ATATAT/ATATAT	621
ATATGC/ATATGC	1
ATCATC/ATGATG	111
ATCATG/ATCATG	4
ATCCGC/ATGCGG	1
ATGCCC/ATGGGC	1
CCCCCC/GGGGGG	9
