	Process Id	NO. of the present (Genic)	Repeat Sequence
	test_new_env	10	GAG
	test_new_env	11	TCATCA
	test_new_env	12	TCC
	test_new_env	12	TGATGA
	test_new_env	15	CTC
	test_new_env	18	GGA
	test_new_env	1	AAAGAA
	test_new_env	1	AAAGAG
	test_new_env	1	AAAGC
	test_new_env	1	AAAGGA
	test_new_env	1	AACGGA
	test_new_env	1	AAGATA
	test_new_env	1	AAGCAA
	test_new_env	1	AAGCC
	test_new_env	1	AAGCT
	test_new_env	1	AAGGAG
	test_new_env	1	AAGTA
	test_new_env	1	AATCC
	test_new_env	1	AATCCA
	test_new_env	1	ACAAAG
	test_new_env	1	ACAAC
	test_new_env	1	ACACAA
	test_new_env	1	ACACAG
	test_new_env	1	ACAGA
	test_new_env	1	ACAGAA
	test_new_env	1	ACCACC
	test_new_env	1	ACCACT
	test_new_env	1	ACCTTC
	test_new_env	1	ACG
	test_new_env	1	ACGACA
	test_new_env	1	ACTAC
	test_new_env	1	ACTGAA
	test_new_env	1	AGAAC
	test_new_env	1	AGAAGC
	test_new_env	1	AGAC
	test_new_env	1	AGAGAA
	test_new_env	1	AGAGGA
	test_new_env	1	AGAGT
	test_new_env	1	AGCAAC
	test_new_env	1	AGCAAG
	test_new_env	1	AGCCGC
	test_new_env	1	AGCCGG
	test_new_env	1	AGCGG
	test_new_env	1	AGCTAT
	test_new_env	1	AGGAA
	test_new_env	1	AGGAGG
	test_new_env	1	AGGGAG
	test_new_env	1	AGGTTC
	test_new_env	1	AGTTCA
	test_new_env	1	AGTTGG
	test_new_env	1	ATAATA
	test_new_env	1	ATATAG
	test_new_env	1	ATATG
	test_new_env	1	ATCA
	test_new_env	1	ATCAA
	test_new_env	1	ATCAC
	test_new_env	1	ATCCCA
	test_new_env	1	ATCGA
	test_new_env	1	ATCT
	test_new_env	1	ATCTC
	test_new_env	1	ATCTTC
	test_new_env	1	ATCTTG
	test_new_env	1	ATGAA
	test_new_env	1	ATGAAC
	test_new_env	1	ATGCT
	test_new_env	1	ATGGAG
	test_new_env	1	ATTAA
	test_new_env	1	ATTAG
	test_new_env	1	ATTCG
	test_new_env	1	ATTCGG
	test_new_env	1	ATTG
	test_new_env	1	ATTGA
	test_new_env	1	CAAATC
	test_new_env	1	CAAATG
	test_new_env	1	CAAGAA
	test_new_env	1	CAATT
	test_new_env	1	CACAGA
	test_new_env	1	CACCAC
	test_new_env	1	CACTAA
	test_new_env	1	CAGCCT
	test_new_env	1	CAGTT
	test_new_env	1	CATATA
	test_new_env	1	CATCAA
	test_new_env	1	CATGCT
	test_new_env	1	CCACAA
	test_new_env	1	CCACCG
	test_new_env	1	CCACGA
	test_new_env	1	CCATC
	test_new_env	1	CCATCT
	test_new_env	1	CCCCCC
	test_new_env	1	CCGAA
	test_new_env	1	CCGAC
	test_new_env	1	CCGTCA
	test_new_env	1	CCTCTC
	test_new_env	1	CCTGAG
	test_new_env	1	CCTT
	test_new_env	1	CCTTTG
	test_new_env	1	CGA
	test_new_env	1	CGACGA
	test_new_env	1	CGATC
	test_new_env	1	CGCATC
	test_new_env	1	CGGGT
	test_new_env	1	CGGTCT
	test_new_env	1	CGTCCA
	test_new_env	1	CGTCG
	test_new_env	1	CTAAG
	test_new_env	1	CTAATC
	test_new_env	1	CTACCT
	test_new_env	1	CTAG
	test_new_env	1	CTCA
	test_new_env	1	CTCTCA
	test_new_env	1	CTCTCC
	test_new_env	1	CTCTGA
	test_new_env	1	CTCTTC
	test_new_env	1	CTCTTT
	test_new_env	1	CTG
	test_new_env	1	CTGAG
	test_new_env	1	CTGCTG
	test_new_env	1	CTGTT
	test_new_env	1	CTGTTG
	test_new_env	1	CTTAAC
	test_new_env	1	CTTCAA
	test_new_env	1	CTTCAG
	test_new_env	1	CTTCCA
	test_new_env	1	CTTGA
	test_new_env	1	CTTT
	test_new_env	1	CTTTAT
	test_new_env	1	CTTTCC
	test_new_env	1	CTTTG
	test_new_env	1	CTTTGG
	test_new_env	1	GAAAG
	test_new_env	1	GAAAGA
	test_new_env	1	GAAATT
	test_new_env	1	GAACA
	test_new_env	1	GAACCA
	test_new_env	1	GAAGA
	test_new_env	1	GAAGAC
	test_new_env	1	GAATC
	test_new_env	1	GAATGC
	test_new_env	1	GACCAC
	test_new_env	1	GACGAG
	test_new_env	1	GAGACG
	test_new_env	1	GAGATC
	test_new_env	1	GAGT
	test_new_env	1	GAGTAC
	test_new_env	1	GATAA
	test_new_env	1	GATCAT
	test_new_env	1	GATCTT
	test_new_env	1	GATTA
	test_new_env	1	GATTCA
	test_new_env	1	GATTG
	test_new_env	1	GCAAGA
	test_new_env	1	GCAATG
	test_new_env	1	GCACCC
	test_new_env	1	GCAGCA
	test_new_env	1	GCCCCA
	test_new_env	1	GCCTCA
	test_new_env	1	GCCTGA
	test_new_env	1	GCG
	test_new_env	1	GCGA
	test_new_env	1	GCGGCT
	test_new_env	1	GCGGGC
	test_new_env	1	GCTCAT
	test_new_env	1	GCTGCT
	test_new_env	1	GCTGT
	test_new_env	1	GGAGGT
	test_new_env	1	GGATGA
	test_new_env	1	GGCGGT
	test_new_env	1	GGGAGC
	test_new_env	1	GGGGG
	test_new_env	1	GGGTGA
	test_new_env	1	GGTGGA
	test_new_env	1	GGTGGC
	test_new_env	1	GGTGT
	test_new_env	1	GGTT
	test_new_env	1	GTAT
	test_new_env	1	GTC
	test_new_env	1	GTCAAA
	test_new_env	1	GTCGT
	test_new_env	1	GTCGTC
	test_new_env	1	GTCTTC
	test_new_env	1	GTGAGA
	test_new_env	1	GTGTGT
	test_new_env	1	GTTC
	test_new_env	1	GTTTC
	test_new_env	1	TAACA
	test_new_env	1	TAACAG
	test_new_env	1	TAAGCG
	test_new_env	1	TAATA
	test_new_env	1	TACTAC
	test_new_env	1	TACTT
	test_new_env	1	TAGAG
	test_new_env	1	TAGT
	test_new_env	1	TAGTAG
	test_new_env	1	TAGTT
	test_new_env	1	TATAA
	test_new_env	1	TATG
	test_new_env	1	TATTA
	test_new_env	1	TCAAAG
	test_new_env	1	TCAACT
	test_new_env	1	TCAATC
	test_new_env	1	TCACA
	test_new_env	1	TCACCA
	test_new_env	1	TCACCG
	test_new_env	1	TCAGCT
	test_new_env	1	TCATGC
	test_new_env	1	TCCACG
	test_new_env	1	TCCCTT
	test_new_env	1	TCGC
	test_new_env	1	TCGCTC
	test_new_env	1	TCTCCA
	test_new_env	1	TCTCCT
	test_new_env	1	TCTGA
	test_new_env	1	TCTGAA
	test_new_env	1	TCTTCA
	test_new_env	1	TCTTCC
	test_new_env	1	TCTTTA
	test_new_env	1	TCTTTT
	test_new_env	1	TGAA
	test_new_env	1	TGAACG
	test_new_env	1	TGAATC
	test_new_env	1	TGAC
	test_new_env	1	TGAT
	test_new_env	1	TGATAG
	test_new_env	1	TGCAAA
	test_new_env	1	TGCTT
	test_new_env	1	TGGACG
	test_new_env	1	TGGAT
	test_new_env	1	TGGTGG
	test_new_env	1	TGTGA
	test_new_env	1	TGTGG
	test_new_env	1	TGTGTT
	test_new_env	1	TGTTC
	test_new_env	1	TGTTCT
	test_new_env	1	TTAGT
	test_new_env	1	TTCAA
	test_new_env	1	TTCGG
	test_new_env	1	TTGAT
	test_new_env	1	TTGCCT
	test_new_env	1	TTGGTA
	test_new_env	1	TTGT
	test_new_env	1	TTGTTA
	test_new_env	1	TTGTTT
	test_new_env	1	TTTCAT
	test_new_env	1	TTTCGG
	test_new_env	1	TTTCTC
	test_new_env	1	TTTTAT
	test_new_env	1	TTTTCC
	test_new_env	2	AAAAGA
	test_new_env	2	AAACGC
	test_new_env	2	AAGAAA
	test_new_env	2	AAGAGA
	test_new_env	2	AAGTT
	test_new_env	2	AATCAG
	test_new_env	2	ACCAA
	test_new_env	2	ACCAG
	test_new_env	2	AGATC
	test_new_env	2	AGGTGG
	test_new_env	2	ATTCA
	test_new_env	2	CAAACT
	test_new_env	2	CAACA
	test_new_env	2	CAACAG
	test_new_env	2	CAC
	test_new_env	2	CACAA
	test_new_env	2	CCACCA
	test_new_env	2	CCACCT
	test_new_env	2	CCATTT
	test_new_env	2	CCG
	test_new_env	2	CCTCCT
	test_new_env	2	CGACCA
	test_new_env	2	CGT
	test_new_env	2	CTCTT
	test_new_env	2	GAAGAT
	test_new_env	2	GACGAA
	test_new_env	2	GCACT
	test_new_env	2	GGAAGT
	test_new_env	2	GGCGAC
	test_new_env	2	GTAGTA
	test_new_env	2	GTTA
	test_new_env	2	GTTTTG
	test_new_env	2	TAC
	test_new_env	2	TCCTTT
	test_new_env	2	TCGTGG
	test_new_env	2	TCTGAT
	test_new_env	2	TCTTTC
	test_new_env	2	TGTTGT
	test_new_env	2	TTCCTC
	test_new_env	2	TTCTCT
	test_new_env	2	TTCTG
	test_new_env	2	TTCTTT
	test_new_env	2	TTGAA
	test_new_env	32	TGA
	test_new_env	3	AAATC
	test_new_env	3	ACAAAC
	test_new_env	3	ACTACT
	test_new_env	3	AGC
	test_new_env	3	CAG
	test_new_env	3	CAGCTG
	test_new_env	3	CGACC
	test_new_env	3	GAGGAG
	test_new_env	3	GTG
	test_new_env	3	GTTT
	test_new_env	3	TCAAA
	test_new_env	3	TCTCTT
	test_new_env	3	TGTT
	test_new_env	4	CCT
	test_new_env	4	GAC
	test_new_env	4	GGT
	test_new_env	6	AACA
	test_new_env	6	GGAGGA
	test_new_env	7	CTCCTC
	test_new_env	7	GCA
	test_new_env	7	TCCTCC
	test_new_env	7	TGG
	test_new_env	8	CAACAA
	test_new_env	9	TCTCT
	test_new_env	9	TGC
