	Process Id	NO. of the present (Non-Genic)	Repeat Sequence
	test_new_env	17	AATTA
	test_new_env	1	AAAAGT
	test_new_env	1	AAAATC
	test_new_env	1	AAAATT
	test_new_env	1	AAACCC
	test_new_env	1	AAACCG
	test_new_env	1	AAACT
	test_new_env	1	AAAGT
	test_new_env	1	AAATAA
	test_new_env	1	AAATAC
	test_new_env	1	AAATTC
	test_new_env	1	AAATTG
	test_new_env	1	AAATTT
	test_new_env	1	AACAT
	test_new_env	1	AACATG
	test_new_env	1	AACCT
	test_new_env	1	AACT
	test_new_env	1	AACTAA
	test_new_env	1	AAGCA
	test_new_env	1	AAGTGA
	test_new_env	1	AATAT
	test_new_env	1	AATTC
	test_new_env	1	AATTG
	test_new_env	1	AATTGA
	test_new_env	1	ACAGAT
	test_new_env	1	ACATT
	test_new_env	1	ACATTC
	test_new_env	1	ACCAAA
	test_new_env	1	ACCGA
	test_new_env	1	ACTACC
	test_new_env	1	ACTTT
	test_new_env	1	AGAAAC
	test_new_env	1	AGATA
	test_new_env	1	AGGTT
	test_new_env	1	ATAC
	test_new_env	1	ATACA
	test_new_env	1	ATATAA
	test_new_env	1	ATATC
	test_new_env	1	ATATTT
	test_new_env	1	ATGAC
	test_new_env	1	ATGTT
	test_new_env	1	ATTAC
	test_new_env	1	ATTGC
	test_new_env	1	ATTTA
	test_new_env	1	ATTTCT
	test_new_env	1	ATTTTA
	test_new_env	1	CAAA
	test_new_env	1	CAAAAT
	test_new_env	1	CAAAG
	test_new_env	1	CAAAGA
	test_new_env	1	CAAATA
	test_new_env	1	CAAC
	test_new_env	1	CAAGCC
	test_new_env	1	CACTCA
	test_new_env	1	CATA
	test_new_env	1	CATAA
	test_new_env	1	CATGA
	test_new_env	1	CATGT
	test_new_env	1	CATTC
	test_new_env	1	CCCCC
	test_new_env	1	CCCCT
	test_new_env	1	CCGACA
	test_new_env	1	CGAAT
	test_new_env	1	CGATGA
	test_new_env	1	CGC
	test_new_env	1	CGGTT
	test_new_env	1	CGTTT
	test_new_env	1	CTCTA
	test_new_env	1	CTGTCA
	test_new_env	1	CTTC
	test_new_env	1	CTTTA
	test_new_env	1	CTTTTA
	test_new_env	1	GAGGAC
	test_new_env	1	GATACG
	test_new_env	1	GATGA
	test_new_env	1	GATGG
	test_new_env	1	GATTTG
	test_new_env	1	GATTTT
	test_new_env	1	GCATAT
	test_new_env	1	GCATC
	test_new_env	1	GCTCA
	test_new_env	1	GGACC
	test_new_env	1	GGAGCA
	test_new_env	1	GGGAGG
	test_new_env	1	GGGCT
	test_new_env	1	GGTCG
	test_new_env	1	GGTCGT
	test_new_env	1	GGTTCG
	test_new_env	1	GGTTGT
	test_new_env	1	GGTTTG
	test_new_env	1	GTTAA
	test_new_env	1	GTTCGG
	test_new_env	1	GTTGC
	test_new_env	1	GTTTG
	test_new_env	1	TAAACC
	test_new_env	1	TAAC
	test_new_env	1	TAACG
	test_new_env	1	TAACT
	test_new_env	1	TAATAA
	test_new_env	1	TAATCA
	test_new_env	1	TAATGG
	test_new_env	1	TAATTT
	test_new_env	1	TACAC
	test_new_env	1	TAGAA
	test_new_env	1	TAGAAA
	test_new_env	1	TATGTC
	test_new_env	1	TCACAT
	test_new_env	1	TCATT
	test_new_env	1	TCGCA
	test_new_env	1	TCGGG
	test_new_env	1	TCGGGT
	test_new_env	1	TCTG
	test_new_env	1	TCTTAT
	test_new_env	1	TGAAA
	test_new_env	1	TGACGT
	test_new_env	1	TGAGAC
	test_new_env	1	TGATTT
	test_new_env	1	TGGAG
	test_new_env	1	TGGATT
	test_new_env	1	TGGGC
	test_new_env	1	TGGGGG
	test_new_env	1	TGGTGA
	test_new_env	1	TGTAT
	test_new_env	1	TGTGTG
	test_new_env	1	TGTTA
	test_new_env	1	TGTTG
	test_new_env	1	TTAAAC
	test_new_env	1	TTAACC
	test_new_env	1	TTAGCT
	test_new_env	1	TTATC
	test_new_env	1	TTATG
	test_new_env	1	TTATTT
	test_new_env	1	TTGAAG
	test_new_env	1	TTGATT
	test_new_env	1	TTTGA
	test_new_env	2	AACAAA
	test_new_env	2	AACTC
	test_new_env	2	AGAAAA
	test_new_env	2	AGTTG
	test_new_env	2	CAAACA
	test_new_env	2	CTAAA
	test_new_env	2	GGGG
	test_new_env	2	TGATGG
	test_new_env	2	TGTGT
	test_new_env	2	TTAT
	test_new_env	2	TTATTA
	test_new_env	2	TTGCA
	test_new_env	3	AATT
	test_new_env	3	AATTTT
	test_new_env	3	ATATA
	test_new_env	3	ATTAT
	test_new_env	3	CCCC
	test_new_env	3	GTTCG
	test_new_env	3	TTGAG
	test_new_env	3	TTTTGT
	test_new_env	4	AAAAAC
	test_new_env	4	ATGCA
	test_new_env	5	AAAATA
	test_new_env	5	AATAAT
	test_new_env	5	TTAAA
	test_new_env	6	ATTATT
	test_new_env	7	ACATG
	test_new_env	7	TGAGT
	test_new_env	7	TTTTTG
	test_new_env	8	GTTGA
	test_new_env	8	TCAAC
